B,dos_at_mu,System([band density])
0.0,nan,1.080000e+15 1.950000e+15
1.75,4.447317207491485e+36,1.080000e+15 1.950000e+15
3.5,4.435368538817663e+36,1.080000e+15 1.950000e+15
5.25,9.179087281991854e+36,1.080000e+15 1.950000e+15
7.0,1.3987322082814908e+37,1.080000e+15 1.950000e+15
0.0,nan,1.050000e+15 1.950000e+15
1.75,4.855244962732012e+36,1.050000e+15 1.950000e+15
3.5,3.806302238010485e+36,1.050000e+15 1.950000e+15
5.25,8.634980727686836e+36,1.050000e+15 1.950000e+15
7.0,1.3658290763483187e+37,1.050000e+15 1.950000e+15
0.0,nan,1.030000e+15 1.950000e+15
1.75,5.1544655500663567e+36,1.030000e+15 1.950000e+15
3.5,3.4012950513646773e+36,1.030000e+15 1.950000e+15
5.25,8.258237366516873e+36,1.030000e+15 1.950000e+15
7.0,1.328964512773761e+37,1.030000e+15 1.950000e+15
0.0,nan,1.010000e+15 1.950000e+15
1.75,5.462397306069042e+36,1.010000e+15 1.950000e+15
3.5,3.0143016824691313e+36,1.010000e+15 1.950000e+15
5.25,7.882546563600993e+36,1.010000e+15 1.950000e+15
7.0,1.2812603665879392e+37,1.010000e+15 1.950000e+15
0.0,nan,9.910000e+14 1.950000e+15
1.75,5.752052823427224e+36,9.910000e+14 1.950000e+15
3.5,2.6675440086114486e+36,9.910000e+14 1.950000e+15
5.25,7.536352882243723e+36,9.910000e+14 1.950000e+15
7.0,1.2270334929902557e+37,9.910000e+14 1.950000e+15
0.0,nan,9.700000e+14 1.950000e+15
1.75,6.056094293981645e+36,9.700000e+14 1.950000e+15
3.5,2.3118188066556515e+36,9.700000e+14 1.950000e+15
5.25,7.176960851467105e+36,9.700000e+14 1.950000e+15
7.0,1.1585246725762933e+37,9.700000e+14 1.950000e+15
0.0,nan,9.490000e+14 1.950000e+15
1.75,6.329850541148138e+36,9.490000e+14 1.950000e+15
3.5,1.9880536939035994e+36,9.490000e+14 1.950000e+15
5.25,6.853374692882847e+36,9.490000e+14 1.950000e+15
7.0,1.0828069308131702e+37,9.490000e+14 1.950000e+15
0.0,nan,9.280000e+14 1.950000e+15
1.75,6.560470050267191e+36,9.280000e+14 1.950000e+15
3.5,1.6983373035534762e+36,9.280000e+14 1.950000e+15
5.25,6.57656555368186e+36,9.280000e+14 1.950000e+15
7.0,1.0018284938764114e+37,9.280000e+14 1.950000e+15
0.0,nan,9.070000e+14 1.950000e+15
1.75,6.736716681381509e+36,9.070000e+14 1.950000e+15
3.5,1.443774391023577e+36,9.070000e+14 1.950000e+15
5.25,6.356334873651972e+36,9.070000e+14 1.950000e+15
7.0,9.175549754818716e+36,9.070000e+14 1.950000e+15
0.0,nan,8.860000e+14 1.950000e+15
1.75,6.849565209528491e+36,8.860000e+14 1.950000e+15
3.5,1.224627809197434e+36,8.860000e+14 1.950000e+15
5.25,6.200968552232122e+36,8.860000e+14 1.950000e+15
7.0,8.31891952657937e+36,8.860000e+14 1.950000e+15
0.0,nan,8.650000e+14 1.950000e+15
1.75,6.892712127691863e+36,8.650000e+14 1.950000e+15
3.5,1.0404840776810863e+36,8.650000e+14 1.950000e+15
5.25,6.116908931459877e+36,8.650000e+14 1.950000e+15
7.0,7.466165580722722e+36,8.650000e+14 1.950000e+15
0.0,nan,8.440000e+14 1.950000e+15
1.75,6.862964392641173e+36,8.440000e+14 1.950000e+15
3.5,8.904292900648496e+35,8.440000e+14 1.950000e+15
5.25,6.108456605700476e+36,8.440000e+14 1.950000e+15
7.0,6.633212752583337e+36,8.440000e+14 1.950000e+15
0.0,nan,8.230000e+14 1.950000e+15
1.75,6.760474519060661e+36,8.230000e+14 1.950000e+15
3.5,7.732233236506235e+35,8.230000e+14 1.950000e+15
5.25,6.177515922132296e+36,8.230000e+14 1.950000e+15
7.0,5.833720258729711e+36,8.230000e+14 1.950000e+15
0.0,nan,8.020000e+14 1.950000e+15
1.75,6.58880005685138e+36,8.020000e+14 1.950000e+15
3.5,6.874621676937564e+35,8.020000e+14 1.950000e+15
5.25,6.323399443446735e+36,8.020000e+14 1.950000e+15
7.0,5.0788148323858914e+36,8.020000e+14 1.950000e+15
0.0,nan,7.810000e+14 1.950000e+15
1.75,6.354778131498025e+36,7.810000e+14 1.950000e+15
3.5,6.317204183260436e+35,7.810000e+14 1.950000e+15
5.25,6.542707226923053e+36,7.810000e+14 1.950000e+15
7.0,4.376974380810591e+36,7.810000e+14 1.950000e+15
0.0,nan,7.600000e+14 1.950000e+15
1.75,6.06821995765068e+36,7.600000e+14 1.950000e+15
3.5,6.046683656335814e+35,7.600000e+14 1.950000e+15
5.25,6.829296171564312e+36,7.600000e+14 1.950000e+15
7.0,3.7340506978983134e+36,7.600000e+14 1.950000e+15
0.0,nan,7.390000e+14 1.950000e+15 1.100000e+13 1.100000e+13
1.75,6.347913639460572e+36,7.390000e+14 1.950000e+15 1.100000e+13 1.100000e+13
3.5,4.602336353040316e+36,7.390000e+14 1.950000e+15 1.100000e+13 1.100000e+13
5.25,1.0759065524304624e+37,7.390000e+14 1.950000e+15 1.100000e+13 1.100000e+13
7.0,8.331347499012689e+36,7.390000e+14 1.950000e+15 1.100000e+13 1.100000e+13
0.0,nan,7.180000e+14 1.950000e+15 3.200000e+13 3.200000e+13
1.75,4.732528003322792e+36,7.180000e+14 1.950000e+15 3.200000e+13 3.200000e+13
3.5,4.558428404769429e+36,7.180000e+14 1.950000e+15 3.200000e+13 3.200000e+13
5.25,5.176947525612601e+36,7.180000e+14 1.950000e+15 3.200000e+13 3.200000e+13
7.0,4.8707007008812923e+33,7.180000e+14 1.950000e+15 3.200000e+13 3.200000e+13
0.0,nan,6.970000e+14 1.950000e+15 5.300000e+13 5.300000e+13
1.75,3.897997956278086e+36,6.970000e+14 1.950000e+15 5.300000e+13 5.300000e+13
3.5,5.700626429437948e+36,6.970000e+14 1.950000e+15 5.300000e+13 5.300000e+13
5.25,3.7681587896726926e+36,6.970000e+14 1.950000e+15 5.300000e+13 5.300000e+13
7.0,1.0610050881103836e+34,6.970000e+14 1.950000e+15 5.300000e+13 5.300000e+13
0.0,nan,6.760000e+14 1.950000e+15 7.400000e+13 7.400000e+13
1.75,3.4763148423542986e+36,6.760000e+14 1.950000e+15 7.400000e+13 7.400000e+13
3.5,6.827227353567149e+36,6.760000e+14 1.950000e+15 7.400000e+13 7.400000e+13
5.25,2.5870005988876007e+36,6.760000e+14 1.950000e+15 7.400000e+13 7.400000e+13
7.0,2.3518415249406224e+34,6.760000e+14 1.950000e+15 7.400000e+13 7.400000e+13
0.0,nan,6.570000e+14 1.950000e+15 9.500000e+13 9.500000e+13
1.75,3.588345042091025e+36,6.570000e+14 1.950000e+15 9.500000e+13 9.500000e+13
3.5,7.828477288154226e+36,6.570000e+14 1.950000e+15 9.500000e+13 9.500000e+13
5.25,1.7034408917865478e+36,6.570000e+14 1.950000e+15 9.500000e+13 9.500000e+13
7.0,4.790468038391518e+34,6.570000e+14 1.950000e+15 9.500000e+13 9.500000e+13
0.0,nan,6.536000e+14 1.950000e+15 1.160000e+14 1.160000e+14
1.75,3.988178051060605e+36,6.536000e+14 1.950000e+15 1.160000e+14 1.160000e+14
3.5,8.456281605626104e+36,6.536000e+14 1.950000e+15 1.160000e+14 1.160000e+14
5.25,1.2712382455895208e+36,6.536000e+14 1.950000e+15 1.160000e+14 1.160000e+14
7.0,6.855168423731028e+34,6.536000e+14 1.950000e+15 1.160000e+14 1.160000e+14
0.0,nan,6.502000e+14 1.950000e+15 1.370000e+14 1.370000e+14
1.75,4.576825864532314e+36,6.502000e+14 1.950000e+15 1.370000e+14 1.370000e+14
3.5,8.893272456800413e+36,6.502000e+14 1.950000e+15 1.370000e+14 1.370000e+14
5.25,1.0903214652618609e+36,6.502000e+14 1.950000e+15 1.370000e+14 1.370000e+14
7.0,6.621725615103922e+34,6.502000e+14 1.950000e+15 1.370000e+14 1.370000e+14
0.0,nan,6.468000e+14 1.950000e+15 1.580000e+14 1.580000e+14
1.75,5.064154144474959e+36,6.468000e+14 1.950000e+15 1.580000e+14 1.580000e+14
3.5,8.983934832863956e+36,6.468000e+14 1.950000e+15 1.580000e+14 1.580000e+14
5.25,1.2975417617870957e+36,6.468000e+14 1.950000e+15 1.580000e+14 1.580000e+14
7.0,3.310495712833859e+34,6.468000e+14 1.950000e+15 1.580000e+14 1.580000e+14
0.0,nan,6.434000e+14 1.950000e+15 1.790000e+14 1.790000e+14
1.75,5.023091123708723e+36,6.434000e+14 1.950000e+15 1.790000e+14 1.790000e+14
3.5,8.657160954920525e+36,6.434000e+14 1.950000e+15 1.790000e+14 1.790000e+14
5.25,2.0711295616652363e+36,6.434000e+14 1.950000e+15 1.790000e+14 1.790000e+14
7.0,8.137107973786038e+33,6.434000e+14 1.950000e+15 1.790000e+14 1.790000e+14
0.0,nan,6.400000e+14 1.950000e+15 2.000000e+14 2.000000e+14
1.75,4.9384309404150956e+36,6.400000e+14 1.950000e+15 2.000000e+14 2.000000e+14
3.5,8.216454111427973e+36,6.400000e+14 1.950000e+15 2.000000e+14 2.000000e+14
5.25,3.2670183823111637e+36,6.400000e+14 1.950000e+15 2.000000e+14 2.000000e+14
7.0,1.512321089351292e+33,6.400000e+14 1.950000e+15 2.000000e+14 2.000000e+14
0.0,nan,6.366000e+14 1.950000e+15 2.210000e+14 2.210000e+14
1.75,5.380130574856572e+36,6.366000e+14 1.950000e+15 2.210000e+14 2.210000e+14
3.5,8.187939173997807e+36,6.366000e+14 1.950000e+15 2.210000e+14 2.210000e+14
5.25,4.098094271760449e+36,6.366000e+14 1.950000e+15 2.210000e+14 2.210000e+14
7.0,7.597486564943507e+32,6.366000e+14 1.950000e+15 2.210000e+14 2.210000e+14
0.0,nan,6.332000e+14 1.950000e+15 2.420000e+14 2.420000e+14
1.75,6.061803226011091e+36,6.332000e+14 1.950000e+15 2.420000e+14 2.420000e+14
3.5,8.587066650419174e+36,6.332000e+14 1.950000e+15 2.420000e+14 2.420000e+14
5.25,4.0839200862700034e+36,6.332000e+14 1.950000e+15 2.420000e+14 2.420000e+14
7.0,9.471808463495405e+32,6.332000e+14 1.950000e+15 2.420000e+14 2.420000e+14
0.0,nan,6.298000e+14 1.950000e+15 2.630000e+14 2.630000e+14
1.75,6.639674531807425e+36,6.298000e+14 1.950000e+15 2.630000e+14 2.630000e+14
3.5,9.099142557438059e+36,6.298000e+14 1.950000e+15 2.630000e+14 2.630000e+14
5.25,3.478720170969324e+36,6.298000e+14 1.950000e+15 2.630000e+14 2.630000e+14
7.0,8.958530439068566e+32,6.298000e+14 1.950000e+15 2.630000e+14 2.630000e+14
0.0,nan,6.264000e+14 1.950000e+15 2.840000e+14 2.840000e+14
1.75,6.964135456150449e+36,6.264000e+14 1.950000e+15 2.840000e+14 2.840000e+14
3.5,9.537619733131837e+36,6.264000e+14 1.950000e+15 2.840000e+14 2.840000e+14
5.25,2.696674977143324e+36,6.264000e+14 1.950000e+15 2.840000e+14 2.840000e+14
7.0,7.468790579712788e+32,6.264000e+14 1.950000e+15 2.840000e+14 2.840000e+14
0.0,nan,6.230000e+14 1.950000e+15 3.050000e+14 3.050000e+14
1.75,6.971169321010966e+36,6.230000e+14 1.950000e+15 3.050000e+14 3.050000e+14
3.5,9.85543988889576e+36,6.230000e+14 1.950000e+15 3.050000e+14 3.050000e+14
5.25,1.9740309093036336e+36,6.230000e+14 1.950000e+15 3.050000e+14 3.050000e+14
7.0,8.718713170214258e+32,6.230000e+14 1.950000e+15 3.050000e+14 3.050000e+14
0.0,nan,6.196000e+14 1.950000e+15 3.260000e+14 3.260000e+14
1.75,6.660224504225094e+36,6.196000e+14 1.950000e+15 3.260000e+14 3.260000e+14
3.5,1.0050285494882233e+37,6.196000e+14 1.950000e+15 3.260000e+14 3.260000e+14
5.25,1.386793480215304e+36,6.196000e+14 1.950000e+15 3.260000e+14 3.260000e+14
7.0,1.525801573658738e+33,6.196000e+14 1.950000e+15 3.260000e+14 3.260000e+14
0.0,nan,6.162000e+14 1.950000e+15 3.470000e+14 3.470000e+14
1.75,6.116871893999518e+36,6.162000e+14 1.950000e+15 3.470000e+14 3.470000e+14
3.5,1.0125954433048159e+37,6.162000e+14 1.950000e+15 3.470000e+14 3.470000e+14
5.25,9.399633592687288e+35,6.162000e+14 1.950000e+15 3.470000e+14 3.470000e+14
7.0,3.093558722046097e+33,6.162000e+14 1.950000e+15 3.470000e+14 3.470000e+14
0.0,nan,6.128000e+14 1.950000e+15 3.680000e+14 3.680000e+14
1.75,5.651013088577311e+36,6.128000e+14 1.950000e+15 3.680000e+14 3.680000e+14
3.5,1.008272553022744e+37,6.128000e+14 1.950000e+15 3.680000e+14 3.680000e+14
5.25,6.155565348093654e+35,6.128000e+14 1.950000e+15 3.680000e+14 3.680000e+14
7.0,6.340581282288342e+33,6.128000e+14 1.950000e+15 3.680000e+14 3.680000e+14
0.0,nan,6.094000e+14 1.950000e+15 3.890000e+14 3.890000e+14
1.75,5.954224430408167e+36,6.094000e+14 1.950000e+15 3.890000e+14 3.890000e+14
3.5,9.915618145204517e+36,6.094000e+14 1.950000e+15 3.890000e+14 3.890000e+14
5.25,3.896890593047491e+35,6.094000e+14 1.950000e+15 3.890000e+14 3.890000e+14
7.0,1.2687334145705523e+34,6.094000e+14 1.950000e+15 3.890000e+14 3.890000e+14
0.0,nan,6.060000e+14 1.950000e+15 4.100000e+14 4.100000e+14
1.75,6.987273569313234e+36,6.060000e+14 1.950000e+15 4.100000e+14 4.100000e+14
3.5,9.616249632477022e+36,6.060000e+14 1.950000e+15 4.100000e+14 4.100000e+14
5.25,2.3873328146074588e+35,6.060000e+14 1.950000e+15 4.100000e+14 4.100000e+14
7.0,2.4607206589610417e+34,6.060000e+14 1.950000e+15 4.100000e+14 4.100000e+14
0.0,nan,6.026000e+14 1.950000e+15 4.310000e+14 4.310000e+14
1.75,5.779920062979508e+36,6.026000e+14 1.950000e+15 4.310000e+14 4.310000e+14
3.5,9.177144784213921e+36,6.026000e+14 1.950000e+15 4.310000e+14 4.310000e+14
5.25,1.4205343564134425e+35,6.026000e+14 1.950000e+15 4.310000e+14 4.310000e+14
7.0,4.619570207500486e+34,6.026000e+14 1.950000e+15 4.310000e+14 4.310000e+14
0.0,nan,5.992000e+14 1.950000e+15 4.520000e+14 4.520000e+14
1.75,4.036409764942914e+36,5.992000e+14 1.950000e+15 4.520000e+14 4.520000e+14
3.5,8.597024601309205e+36,5.992000e+14 1.950000e+15 4.520000e+14 4.520000e+14
5.25,8.320288605371585e+34,5.992000e+14 1.950000e+15 4.520000e+14 4.520000e+14
7.0,8.392180048275846e+34,5.992000e+14 1.950000e+15 4.520000e+14 4.520000e+14
0.0,nan,5.958000e+14 1.950000e+15 4.730000e+14 4.730000e+14
1.75,3.927947628102028e+36,5.958000e+14 1.950000e+15 4.730000e+14 4.730000e+14
3.5,7.885299281643486e+36,5.958000e+14 1.950000e+15 4.730000e+14 4.730000e+14
5.25,5.019891565463734e+34,5.958000e+14 1.950000e+15 4.730000e+14 4.730000e+14
7.0,1.4752340595428589e+35,5.958000e+14 1.950000e+15 4.730000e+14 4.730000e+14
0.0,nan,5.924000e+14 1.950000e+15 4.940000e+14 4.940000e+14
1.75,4.9797556721768863e+36,5.924000e+14 1.950000e+15 4.940000e+14 4.940000e+14
3.5,7.064255795914689e+36,5.924000e+14 1.950000e+15 4.940000e+14 4.940000e+14
5.25,3.5297778703528323e+34,5.924000e+14 1.950000e+15 4.940000e+14 4.940000e+14
7.0,2.509319243740666e+35,5.924000e+14 1.950000e+15 4.940000e+14 4.940000e+14
0.0,nan,5.890000e+14 1.950000e+15 5.150000e+14 5.150000e+14
1.75,6.328021851454862e+36,5.890000e+14 1.950000e+15 5.150000e+14 5.150000e+14
3.5,6.168182083055137e+36,5.890000e+14 1.950000e+15 5.150000e+14 5.150000e+14
5.25,3.461745656018589e+34,5.890000e+14 1.950000e+15 5.150000e+14 5.150000e+14
7.0,4.13008273280351e+35,5.890000e+14 1.950000e+15 5.150000e+14 5.150000e+14
0.0,nan,5.856000e+14 1.950000e+15 5.350000e+14 5.350000e+14
1.75,6.465336505983167e+36,5.856000e+14 1.950000e+15 5.350000e+14 5.350000e+14
3.5,5.2801259596469034e+36,5.856000e+14 1.950000e+15 5.350000e+14 5.350000e+14
5.25,4.694466102210643e+34,5.856000e+14 1.950000e+15 5.350000e+14 5.350000e+14
7.0,6.448562054589495e+35,5.856000e+14 1.950000e+15 5.350000e+14 5.350000e+14
0.0,nan,5.822000e+14 1.950000e+15 5.550000e+14 5.550000e+14
1.75,6.13916051158524e+36,5.822000e+14 1.950000e+15 5.550000e+14 5.550000e+14
3.5,4.4019055352564697e+36,5.822000e+14 1.950000e+15 5.550000e+14 5.550000e+14
5.25,7.4712803557477795e+34,5.822000e+14 1.950000e+15 5.550000e+14 5.550000e+14
7.0,9.770261032777047e+35,5.822000e+14 1.950000e+15 5.550000e+14 5.550000e+14
0.0,nan,5.788000e+14 1.950000e+15 5.800000e+14 5.800000e+14
1.75,6.397506040053474e+36,5.788000e+14 1.950000e+15 5.800000e+14 5.800000e+14
3.5,3.391520516561007e+36,5.788000e+14 1.950000e+15 5.800000e+14 5.800000e+14
5.25,1.389546366138166e+35,5.788000e+14 1.950000e+15 5.800000e+14 5.800000e+14
7.0,1.563217233753176e+36,5.788000e+14 1.950000e+15 5.800000e+14 5.800000e+14
0.0,nan,5.754000e+14 1.950000e+15 6.000000e+14 6.000000e+14
1.75,6.798074256879336e+36,5.754000e+14 1.950000e+15 6.000000e+14 6.000000e+14
3.5,2.658724421841745e+36,5.754000e+14 1.950000e+15 6.000000e+14 6.000000e+14
5.25,2.270604062982972e+35,5.754000e+14 1.950000e+15 6.000000e+14 6.000000e+14
7.0,2.2147719662301586e+36,5.754000e+14 1.950000e+15 6.000000e+14 6.000000e+14
0.0,nan,5.720000e+14 1.950000e+15 6.200000e+14 6.200000e+14
1.75,7.013533564199156e+36,5.720000e+14 1.950000e+15 6.200000e+14 6.200000e+14
3.5,2.0283771508631556e+36,5.720000e+14 1.950000e+15 6.200000e+14 6.200000e+14
5.25,3.6165581529358495e+35,5.720000e+14 1.950000e+15 6.200000e+14 6.200000e+14
7.0,3.044926979773753e+36,5.720000e+14 1.950000e+15 6.200000e+14 6.200000e+14
0.0,nan,5.686000e+14 1.950000e+15 6.400000e+14 6.400000e+14
1.75,6.961825473817005e+36,5.686000e+14 1.950000e+15 6.400000e+14 6.400000e+14
3.5,1.5104448826280982e+36,5.686000e+14 1.950000e+15 6.400000e+14 6.400000e+14
5.25,5.595889494035919e+35,5.686000e+14 1.950000e+15 6.400000e+14 6.400000e+14
7.0,4.0622123889991767e+36,5.686000e+14 1.950000e+15 6.400000e+14 6.400000e+14
0.0,nan,5.652000e+14 1.950000e+15 6.600000e+14 6.600000e+14
1.75,6.64661441931823e+36,5.652000e+14 1.950000e+15 6.600000e+14 6.600000e+14
3.5,1.1073560442470845e+36,5.652000e+14 1.950000e+15 6.600000e+14 6.600000e+14
5.25,8.403211643738575e+35,5.652000e+14 1.950000e+15 6.600000e+14 6.600000e+14
7.0,5.2587915498178084e+36,5.652000e+14 1.950000e+15 6.600000e+14 6.600000e+14
0.0,nan,5.618000e+14 1.950000e+15 6.850000e+14 6.850000e+14
1.75,5.973158311314399e+36,5.618000e+14 1.950000e+15 6.850000e+14 6.850000e+14
3.5,7.660544280435752e+35,5.618000e+14 1.950000e+15 6.850000e+14 6.850000e+14
5.25,1.3295986143324873e+36,5.618000e+14 1.950000e+15 6.850000e+14 6.850000e+14
7.0,6.933111184988667e+36,5.618000e+14 1.950000e+15 6.850000e+14 6.850000e+14
0.0,nan,5.584000e+14 1.950000e+15 7.050000e+14 7.050000e+14
1.75,5.295343544197218e+36,5.584000e+14 1.950000e+15 7.050000e+14 7.050000e+14
3.5,6.034580673353355e+35,5.584000e+14 1.950000e+15 7.050000e+14 7.050000e+14
5.25,1.8663899330208995e+36,5.584000e+14 1.950000e+15 7.050000e+14 7.050000e+14
7.0,8.392951237010761e+36,5.584000e+14 1.950000e+15 7.050000e+14 7.050000e+14
0.0,nan,5.550000e+14 1.950000e+15 7.250000e+14 7.250000e+14
1.75,4.617156270046739e+36,5.550000e+14 1.950000e+15 7.250000e+14 7.250000e+14
3.5,5.2640991253879766e+35,5.550000e+14 1.950000e+15 7.250000e+14 7.250000e+14
5.25,2.5417317522201324e+36,5.550000e+14 1.950000e+15 7.250000e+14 7.250000e+14
7.0,9.859120472400871e+36,5.550000e+14 1.950000e+15 7.250000e+14 7.250000e+14
0.0,nan,5.516000e+14 1.950000e+15 7.450000e+14 7.450000e+14
1.75,4.057869319562305e+36,5.516000e+14 1.950000e+15 7.450000e+14 7.450000e+14
3.5,5.049426488691967e+35,5.516000e+14 1.950000e+15 7.450000e+14 7.450000e+14
5.25,3.3581893008578955e+36,5.516000e+14 1.950000e+15 7.450000e+14 7.450000e+14
7.0,1.123825006274109e+37,5.516000e+14 1.950000e+15 7.450000e+14 7.450000e+14
0.0,nan,5.482000e+14 1.950000e+15 7.650000e+14 7.650000e+14
1.75,3.715531514485581e+36,5.482000e+14 1.950000e+15 7.650000e+14 7.650000e+14
3.5,5.2609621850939324e+35,5.482000e+14 1.950000e+15 7.650000e+14 7.650000e+14
5.25,4.304633550349698e+36,5.482000e+14 1.950000e+15 7.650000e+14 7.650000e+14
7.0,1.2430735582491621e+37,5.482000e+14 1.950000e+15 7.650000e+14 7.650000e+14
0.0,nan,5.448000e+14 1.950000e+15 7.900000e+14 7.900000e+14
1.75,3.633230030916151e+36,5.448000e+14 1.950000e+15 7.900000e+14 7.900000e+14
3.5,7.918793056709838e+35,5.448000e+14 1.950000e+15 7.900000e+14 7.900000e+14
5.25,5.605361369578445e+36,5.448000e+14 1.950000e+15 7.900000e+14 7.900000e+14
7.0,1.3504148620888413e+37,5.448000e+14 1.950000e+15 7.900000e+14 7.900000e+14
0.0,nan,5.414000e+14 1.950000e+15 8.100000e+14 8.100000e+14
1.75,3.933425589986503e+36,5.414000e+14 1.950000e+15 8.100000e+14 8.100000e+14
3.5,1.6621568687582656e+36,5.414000e+14 1.950000e+15 8.100000e+14 8.100000e+14
5.25,6.717048928373397e+36,5.414000e+14 1.950000e+15 8.100000e+14 8.100000e+14
7.0,1.396813885415044e+37,5.414000e+14 1.950000e+15 8.100000e+14 8.100000e+14
0.0,nan,5.380000e+14 1.950000e+15 8.300000e+14 8.300000e+14
1.75,4.927181968843021e+36,5.380000e+14 1.950000e+15 8.300000e+14 8.300000e+14
3.5,3.7424094662863096e+36,5.380000e+14 1.950000e+15 8.300000e+14 8.300000e+14
5.25,7.81080536660032e+36,5.380000e+14 1.950000e+15 8.300000e+14 8.300000e+14
7.0,1.4020507034728958e+37,5.380000e+14 1.950000e+15 8.300000e+14 8.300000e+14
0.0,nan,5.346000e+14 1.950000e+15 8.500000e+14 8.500000e+14
1.75,6.342180245156489e+36,5.346000e+14 1.950000e+15 8.500000e+14 8.500000e+14
3.5,6.785355442020314e+36,5.346000e+14 1.950000e+15 8.500000e+14 8.500000e+14
5.25,8.815113139393645e+36,5.346000e+14 1.950000e+15 8.500000e+14 8.500000e+14
7.0,1.3657254844813411e+37,5.346000e+14 1.950000e+15 8.500000e+14 8.500000e+14
0.0,nan,5.312000e+14 1.950000e+15 8.700000e+14 8.700000e+14
1.75,7.042506768070926e+36,5.312000e+14 1.950000e+15 8.700000e+14 8.700000e+14
3.5,9.267948749110702e+36,5.312000e+14 1.950000e+15 8.700000e+14 8.700000e+14
5.25,9.658174221140798e+36,5.312000e+14 1.950000e+15 8.700000e+14 8.700000e+14
7.0,1.2911642909193867e+37,5.312000e+14 1.950000e+15 8.700000e+14 8.700000e+14
0.0,nan,5.278000e+14 1.950000e+15 8.950000e+14 8.950000e+14
1.75,7.04809862652287e+36,5.278000e+14 1.950000e+15 8.950000e+14 8.950000e+14
3.5,1.0730041063639144e+37,5.278000e+14 1.950000e+15 8.950000e+14 8.950000e+14
5.25,1.0383604437467358e+37,5.278000e+14 1.950000e+15 8.950000e+14 8.950000e+14
7.0,1.1569310220564309e+37,5.278000e+14 1.950000e+15 8.950000e+14 8.950000e+14
0.0,nan,5.244000e+14 1.950000e+15 9.150000e+14 9.150000e+14
1.75,7.360351192582984e+36,5.244000e+14 1.950000e+15 9.150000e+14 9.150000e+14
3.5,1.1510527237489936e+37,5.244000e+14 1.950000e+15 9.150000e+14 9.150000e+14
5.25,1.067166046413239e+37,5.244000e+14 1.950000e+15 9.150000e+14 9.150000e+14
7.0,1.0243792970844604e+37,5.244000e+14 1.950000e+15 9.150000e+14 9.150000e+14
0.0,nan,5.210000e+14 1.950000e+15 9.350000e+14 9.350000e+14
1.75,8.19256185869915e+36,5.210000e+14 1.950000e+15 9.350000e+14 9.350000e+14
3.5,1.2719086955584463e+37,5.210000e+14 1.950000e+15 9.350000e+14 9.350000e+14
5.25,1.0677876436469825e+37,5.210000e+14 1.950000e+15 9.350000e+14 9.350000e+14
7.0,8.819999385311676e+36,5.210000e+14 1.950000e+15 9.350000e+14 9.350000e+14
0.0,nan,5.176000e+14 1.950000e+15 9.550000e+14 9.550000e+14
1.75,9.003083226856991e+36,5.176000e+14 1.950000e+15 9.550000e+14 9.550000e+14
3.5,1.4105352090600655e+37,5.176000e+14 1.950000e+15 9.550000e+14 9.550000e+14
5.25,1.0425456781732682e+37,5.176000e+14 1.950000e+15 9.550000e+14 9.550000e+14
7.0,7.40160411219529e+36,5.176000e+14 1.950000e+15 9.550000e+14 9.550000e+14
0.0,nan,5.142000e+14 1.950000e+15 9.750000e+14 9.750000e+14
1.75,8.965024013134689e+36,5.142000e+14 1.950000e+15 9.750000e+14 9.750000e+14
3.5,1.455248754902901e+37,5.142000e+14 1.950000e+15 9.750000e+14 9.750000e+14
5.25,9.969053284951276e+36,5.142000e+14 1.950000e+15 9.750000e+14 9.750000e+14
7.0,6.082188590359528e+36,5.142000e+14 1.950000e+15 9.750000e+14 9.750000e+14
0.0,nan,5.108000e+14 1.950000e+15 1.000000e+15 1.000000e+15
1.75,7.658859825932307e+36,5.108000e+14 1.950000e+15 1.000000e+15 1.000000e+15
3.5,1.3174079366204487e+37,5.108000e+14 1.950000e+15 1.000000e+15 1.000000e+15
5.25,9.247437689413461e+36,5.108000e+14 1.950000e+15 1.000000e+15 1.000000e+15
7.0,4.706979638389305e+36,5.108000e+14 1.950000e+15 1.000000e+15 1.000000e+15
0.0,nan,5.074000e+14 1.950000e+15 1.020000e+15 1.020000e+15
1.75,6.408997443178643e+36,5.074000e+14 1.950000e+15 1.020000e+15 1.020000e+15
3.5,1.1684596295669114e+37,5.074000e+14 1.950000e+15 1.020000e+15 1.020000e+15
5.25,8.649268048035324e+36,5.074000e+14 1.950000e+15 1.020000e+15 1.020000e+15
7.0,3.8605972232376296e+36,5.074000e+14 1.950000e+15 1.020000e+15 1.020000e+15
0.0,nan,5.040000e+14 1.950000e+15 1.040000e+15 1.040000e+15
1.75,5.425991671345072e+36,5.040000e+14 1.950000e+15 1.040000e+15 1.040000e+15
3.5,1.072401690801224e+37,5.040000e+14 1.950000e+15 1.040000e+15 1.040000e+15
5.25,8.141067279091066e+36,5.040000e+14 1.950000e+15 1.040000e+15 1.040000e+15
7.0,3.298857624029826e+36,5.040000e+14 1.950000e+15 1.040000e+15 1.040000e+15
0.0,nan,5.006000e+14 1.950000e+15 1.060000e+15 1.060000e+15
1.75,4.690218992817052e+36,5.006000e+14 1.950000e+15 1.060000e+15 1.060000e+15
3.5,1.0200985684724393e+37,5.006000e+14 1.950000e+15 1.060000e+15 1.060000e+15
5.25,7.788049032539898e+36,5.006000e+14 1.950000e+15 1.060000e+15 1.060000e+15
7.0,3.044698475319609e+36,5.006000e+14 1.950000e+15 1.060000e+15 1.060000e+15
0.0,nan,4.972000e+14 1.950000e+15 1.080000e+15 1.080000e+15
1.75,4.135691607441011e+36,4.972000e+14 1.950000e+15 1.080000e+15 1.080000e+15
3.5,9.785331283443763e+36,4.972000e+14 1.950000e+15 1.080000e+15 1.080000e+15
5.25,7.605088468596766e+36,4.972000e+14 1.950000e+15 1.080000e+15 1.080000e+15
7.0,3.108618987298568e+36,4.972000e+14 1.950000e+15 1.080000e+15 1.080000e+15
0.0,nan,4.938000e+14 1.950000e+15 1.105000e+15 1.105000e+15
1.75,3.6894354225522715e+36,4.938000e+14 1.950000e+15 1.105000e+15 1.105000e+15
3.5,9.179312322446758e+36,4.938000e+14 1.950000e+15 1.105000e+15 1.105000e+15
5.25,7.546716602225655e+36,4.938000e+14 1.950000e+15 1.105000e+15 1.105000e+15
7.0,3.618296801552262e+36,4.938000e+14 1.950000e+15 1.105000e+15 1.105000e+15
0.0,nan,4.904000e+14 1.950000e+15 1.125000e+15 1.125000e+15
1.75,3.4957359605041564e+36,4.904000e+14 1.950000e+15 1.125000e+15 1.125000e+15
3.5,8.569091590976346e+36,4.904000e+14 1.950000e+15 1.125000e+15 1.125000e+15
5.25,7.557165420150711e+36,4.904000e+14 1.950000e+15 1.125000e+15 1.125000e+15
7.0,4.370087976148337e+36,4.904000e+14 1.950000e+15 1.125000e+15 1.125000e+15
0.0,nan,4.870000e+14 1.950000e+15 1.145000e+15 1.145000e+15
1.75,3.413706588389434e+36,4.870000e+14 1.950000e+15 1.145000e+15 1.145000e+15
3.5,7.861177519364261e+36,4.870000e+14 1.950000e+15 1.145000e+15 1.145000e+15
5.25,7.608403755981842e+36,4.870000e+14 1.950000e+15 1.145000e+15 1.145000e+15
7.0,5.390489346313871e+36,4.870000e+14 1.950000e+15 1.145000e+15 1.145000e+15
0.0,nan,4.836000e+14 1.950000e+15 1.165000e+15 1.165000e+15
1.75,3.399079179770364e+36,4.836000e+14 1.950000e+15 1.165000e+15 1.165000e+15
3.5,7.07652973739997e+36,4.836000e+14 1.950000e+15 1.165000e+15 1.165000e+15
5.25,7.860013451054718e+36,4.836000e+14 1.950000e+15 1.165000e+15 1.165000e+15
7.0,6.630519617627192e+36,4.836000e+14 1.950000e+15 1.165000e+15 1.165000e+15
0.0,nan,4.802000e+14 1.950000e+15 1.185000e+15 1.185000e+15
1.75,3.4056949433558145e+36,4.802000e+14 1.950000e+15 1.185000e+15 1.185000e+15
3.5,6.242463927652001e+36,4.802000e+14 1.950000e+15 1.185000e+15 1.185000e+15
5.25,8.638800984201577e+36,4.802000e+14 1.950000e+15 1.185000e+15 1.185000e+15
7.0,8.021153456989552e+36,4.802000e+14 1.950000e+15 1.185000e+15 1.185000e+15
0.0,nan,4.768000e+14 1.950000e+15 1.210000e+15 1.210000e+15
1.75,3.397714269653303e+36,4.768000e+14 1.950000e+15 1.210000e+15 1.210000e+15
3.5,5.1967919657435055e+36,4.768000e+14 1.950000e+15 1.210000e+15 1.210000e+15
5.25,1.0303624314986008e+37,4.768000e+14 1.950000e+15 1.210000e+15 1.210000e+15
7.0,9.801599067957933e+36,4.768000e+14 1.950000e+15 1.210000e+15 1.210000e+15
0.0,nan,4.734000e+14 1.950000e+15 1.230000e+15 1.230000e+15
1.75,3.494162383546855e+36,4.734000e+14 1.950000e+15 1.230000e+15 1.230000e+15
3.5,4.3649981020523656e+36,4.734000e+14 1.950000e+15 1.230000e+15 1.230000e+15
5.25,1.0574365905760725e+37,4.734000e+14 1.950000e+15 1.230000e+15 1.230000e+15
7.0,1.1188200515180622e+37,4.734000e+14 1.950000e+15 1.230000e+15 1.230000e+15
0.0,nan,4.700000e+14 1.950000e+15 1.250000e+15 1.250000e+15
1.75,3.9917403701364595e+36,4.700000e+14 1.950000e+15 1.250000e+15 1.250000e+15
3.5,3.5817804296400026e+36,4.700000e+14 1.950000e+15 1.250000e+15 1.250000e+15
5.25,8.293748328139583e+36,4.700000e+14 1.950000e+15 1.250000e+15 1.250000e+15
7.0,1.2397814001603212e+37,4.700000e+14 1.950000e+15 1.250000e+15 1.250000e+15
0.0,nan,4.666000e+14 1.950000e+15 1.270000e+15 1.270000e+15
1.75,5.004133329113733e+36,4.666000e+14 1.950000e+15 1.270000e+15 1.270000e+15
3.5,2.87004384919776e+36,4.666000e+14 1.950000e+15 1.270000e+15 1.270000e+15
5.25,4.6179985358085243e+36,4.666000e+14 1.950000e+15 1.270000e+15 1.270000e+15
7.0,1.3327132747324391e+37,4.666000e+14 1.950000e+15 1.270000e+15 1.270000e+15
0.0,nan,4.632000e+14 1.950000e+15 1.290000e+15 1.290000e+15
1.75,6.076832259240401e+36,4.632000e+14 1.950000e+15 1.290000e+15 1.290000e+15
3.5,2.245751386469286e+36,4.632000e+14 1.950000e+15 1.290000e+15 1.290000e+15
5.25,1.8975776230133373e+36,4.632000e+14 1.950000e+15 1.290000e+15 1.290000e+15
7.0,1.3893369931670487e+37,4.632000e+14 1.950000e+15 1.290000e+15 1.290000e+15
0.0,nan,4.598000e+14 1.950000e+15 1.315000e+15 1.315000e+15
1.75,6.859293104037713e+36,4.598000e+14 1.950000e+15 1.315000e+15 1.315000e+15
3.5,1.6114628405693155e+36,4.598000e+14 1.950000e+15 1.315000e+15 1.315000e+15
5.25,5.865283518606108e+35,4.598000e+14 1.950000e+15 1.315000e+15 1.315000e+15
7.0,1.4021996829258238e+37,4.598000e+14 1.950000e+15 1.315000e+15 1.315000e+15
0.0,nan,4.564000e+14 1.950000e+15 1.335000e+15 1.335000e+15
1.75,7.186137237149769e+36,4.564000e+14 1.950000e+15 1.335000e+15 1.335000e+15
3.5,1.2035488032519754e+36,4.564000e+14 1.950000e+15 1.335000e+15 1.335000e+15
5.25,5.0428870331332315e+35,4.564000e+14 1.950000e+15 1.335000e+15 1.335000e+15
7.0,1.3661984933877707e+37,4.564000e+14 1.950000e+15 1.335000e+15 1.335000e+15
0.0,nan,4.530000e+14 1.950000e+15 1.355000e+15 1.355000e+15
1.75,7.562990600619301e+36,4.530000e+14 1.950000e+15 1.355000e+15 1.355000e+15
3.5,8.89663353652701e+35,4.530000e+14 1.950000e+15 1.355000e+15 1.355000e+15
5.25,9.414991191570163e+35,4.530000e+14 1.950000e+15 1.355000e+15 1.355000e+15
7.0,1.2933283058403356e+37,4.530000e+14 1.950000e+15 1.355000e+15 1.355000e+15
0.0,nan,4.496000e+14 1.950000e+15 1.375000e+15 1.375000e+15
1.75,8.014558490927094e+36,4.496000e+14 1.950000e+15 1.375000e+15 1.375000e+15
3.5,6.632743000011576e+35,4.496000e+14 1.950000e+15 1.375000e+15 1.375000e+15
5.25,1.9486967927646506e+36,4.496000e+14 1.950000e+15 1.375000e+15 1.375000e+15
7.0,1.1925704419518439e+37,4.496000e+14 1.950000e+15 1.375000e+15 1.375000e+15
0.0,nan,4.462000e+14 1.950000e+15 1.395000e+15 1.395000e+15
1.75,8.23384326571879e+36,4.462000e+14 1.950000e+15 1.395000e+15 1.395000e+15
3.5,5.171977847219273e+35,4.462000e+14 1.950000e+15 1.395000e+15 1.395000e+15
5.25,3.541923423276574e+36,4.462000e+14 1.950000e+15 1.395000e+15 1.395000e+15
7.0,1.0759693354661226e+37,4.462000e+14 1.950000e+15 1.395000e+15 1.395000e+15
0.0,nan,4.428000e+14 1.950000e+15 1.420000e+15 1.420000e+15
1.75,7.611360827346713e+36,4.428000e+14 1.950000e+15 1.420000e+15 1.420000e+15
3.5,4.390713173182513e+35,4.428000e+14 1.950000e+15 1.420000e+15 1.420000e+15
5.25,5.660984287552277e+36,4.428000e+14 1.950000e+15 1.420000e+15 1.420000e+15
7.0,9.318188673388541e+36,4.428000e+14 1.950000e+15 1.420000e+15 1.420000e+15
0.0,nan,4.394000e+14 1.950000e+15 1.440000e+15 1.440000e+15
1.75,6.410070966952756e+36,4.394000e+14 1.950000e+15 1.440000e+15 1.440000e+15
3.5,4.524538901941737e+35,4.394000e+14 1.950000e+15 1.440000e+15 1.440000e+15
5.25,6.34725907164339e+36,4.394000e+14 1.950000e+15 1.440000e+15 1.440000e+15
7.0,8.278756559020908e+36,4.394000e+14 1.950000e+15 1.440000e+15 1.440000e+15
0.0,nan,4.360000e+14 1.950000e+15 1.460000e+15 1.460000e+15
1.75,5.101585665860528e+36,4.360000e+14 1.950000e+15 1.460000e+15 1.460000e+15
3.5,5.3219549800626115e+35,4.360000e+14 1.950000e+15 1.460000e+15 1.460000e+15
5.25,5.516451868628915e+36,4.360000e+14 1.950000e+15 1.460000e+15 1.460000e+15
7.0,7.480379219516191e+36,4.360000e+14 1.950000e+15 1.460000e+15 1.460000e+15
0.0,nan,4.326000e+14 1.950000e+15 1.480000e+15 1.480000e+15
1.75,4.1152820513677036e+36,4.326000e+14 1.950000e+15 1.480000e+15 1.480000e+15
3.5,6.737797077685133e+35,4.326000e+14 1.950000e+15 1.480000e+15 1.480000e+15
5.25,3.6774745000734464e+36,4.326000e+14 1.950000e+15 1.480000e+15 1.480000e+15
7.0,7.010186301750655e+36,4.326000e+14 1.950000e+15 1.480000e+15 1.480000e+15
0.0,nan,4.292000e+14 1.950000e+15 1.500000e+15 1.500000e+15
1.75,3.573726251173147e+36,4.292000e+14 1.950000e+15 1.500000e+15 1.500000e+15
3.5,8.652953685925265e+35,4.292000e+14 1.950000e+15 1.500000e+15 1.500000e+15
5.25,1.8825997500416772e+36,4.292000e+14 1.950000e+15 1.500000e+15 1.500000e+15
7.0,6.948579978313765e+36,4.292000e+14 1.950000e+15 1.500000e+15 1.500000e+15
0.0,nan,4.258000e+14 1.950000e+15 1.525000e+15 1.525000e+15
1.75,3.419076948762197e+36,4.258000e+14 1.950000e+15 1.525000e+15 1.525000e+15
3.5,1.1257245402256817e+36,4.258000e+14 1.950000e+15 1.525000e+15 1.525000e+15
5.25,5.965335890543933e+35,4.258000e+14 1.950000e+15 1.525000e+15 1.525000e+15
7.0,7.622508808040675e+36,4.258000e+14 1.950000e+15 1.525000e+15 1.525000e+15
0.0,nan,4.224000e+14 1.950000e+15 1.545000e+15 1.545000e+15
1.75,3.59767933813205e+36,4.224000e+14 1.950000e+15 1.545000e+15 1.545000e+15
3.5,1.300444683531029e+36,4.224000e+14 1.950000e+15 1.545000e+15 1.545000e+15
5.25,2.3951542844893806e+35,4.224000e+14 1.950000e+15 1.545000e+15 1.545000e+15
7.0,8.833443990037593e+36,4.224000e+14 1.950000e+15 1.545000e+15 1.545000e+15
0.0,nan,4.190000e+14 1.950000e+15 1.565000e+15 1.565000e+15
1.75,3.943248815351418e+36,4.190000e+14 1.950000e+15 1.565000e+15 1.565000e+15
3.5,1.3731908673849296e+36,4.190000e+14 1.950000e+15 1.565000e+15 1.565000e+15
5.25,1.744867344981786e+35,4.190000e+14 1.950000e+15 1.565000e+15 1.565000e+15
7.0,1.0676940617306758e+37,4.190000e+14 1.950000e+15 1.565000e+15 1.565000e+15
0.0,nan,4.156000e+14 1.950000e+15 1.585000e+15 1.585000e+15
1.75,4.3264111881669334e+36,4.156000e+14 1.950000e+15 1.585000e+15 1.585000e+15
3.5,1.2924067630126298e+36,4.156000e+14 1.950000e+15 1.585000e+15 1.585000e+15
5.25,2.2616057800570206e+35,4.156000e+14 1.950000e+15 1.585000e+15 1.585000e+15
7.0,1.2775902236246992e+37,4.156000e+14 1.950000e+15 1.585000e+15 1.585000e+15
0.0,nan,4.122000e+14 1.950000e+15 1.605000e+15 1.605000e+15
1.75,4.59663584680144e+36,4.122000e+14 1.950000e+15 1.605000e+15 1.605000e+15
3.5,1.0560813874546623e+36,4.122000e+14 1.950000e+15 1.605000e+15 1.605000e+15
5.25,3.3544506592339305e+35,4.122000e+14 1.950000e+15 1.605000e+15 1.605000e+15
7.0,1.403226962365546e+37,4.122000e+14 1.950000e+15 1.605000e+15 1.605000e+15
0.0,nan,4.088000e+14 1.950000e+15 1.630000e+15 1.630000e+15
1.75,4.574080648935071e+36,4.088000e+14 1.950000e+15 1.630000e+15 1.630000e+15
3.5,6.60706159922913e+35,4.088000e+14 1.950000e+15 1.630000e+15 1.630000e+15
5.25,5.41704544524501e+35,4.088000e+14 1.950000e+15 1.630000e+15 1.630000e+15
7.0,1.2214658079346716e+37,4.088000e+14 1.950000e+15 1.630000e+15 1.630000e+15
0.0,nan,4.054000e+14 1.950000e+15 1.650000e+15 1.650000e+15
1.75,4.24108462688138e+36,4.054000e+14 1.950000e+15 1.650000e+15 1.650000e+15
3.5,4.481557813442828e+35,4.054000e+14 1.950000e+15 1.650000e+15 1.650000e+15
5.25,7.805889278110729e+35,4.054000e+14 1.950000e+15 1.650000e+15 1.650000e+15
7.0,8.163402741319495e+36,4.054000e+14 1.950000e+15 1.650000e+15 1.650000e+15
0.0,nan,4.020000e+14 1.950000e+15 1.670000e+15 1.670000e+15
1.75,3.7530813818108236e+36,4.020000e+14 1.950000e+15 1.670000e+15 1.670000e+15
3.5,4.9021590904487146e+35,4.020000e+14 1.950000e+15 1.670000e+15 1.670000e+15
5.25,1.0986032710772257e+36,4.020000e+14 1.950000e+15 1.670000e+15 1.670000e+15
7.0,4.400585125948e+36,4.020000e+14 1.950000e+15 1.670000e+15 1.670000e+15
0.0,nan,3.986000e+14 1.950000e+15 1.690000e+15 1.690000e+15
1.75,3.4214083867845806e+36,3.986000e+14 1.950000e+15 1.690000e+15 1.690000e+15
3.5,9.370995193726133e+35,3.986000e+14 1.950000e+15 1.690000e+15 1.690000e+15
5.25,1.5096842712672135e+36,3.986000e+14 1.950000e+15 1.690000e+15 1.690000e+15
7.0,3.371301928456283e+36,3.986000e+14 1.950000e+15 1.690000e+15 1.690000e+15
0.0,nan,3.952000e+14 1.950000e+15 1.710000e+15 1.710000e+15
1.75,3.50250436710073e+36,3.952000e+14 1.950000e+15 1.710000e+15 1.710000e+15
3.5,1.9286866586039015e+36,3.952000e+14 1.950000e+15 1.710000e+15 1.710000e+15
5.25,2.0254096515255355e+36,3.952000e+14 1.950000e+15 1.710000e+15 1.710000e+15
7.0,5.632060282318634e+36,3.952000e+14 1.950000e+15 1.710000e+15 1.710000e+15
0.0,nan,3.918000e+14 1.950000e+15 1.735000e+15 1.735000e+15
1.75,4.0890456839664364e+36,3.918000e+14 1.950000e+15 1.735000e+15 1.735000e+15
3.5,3.949597616229283e+36,3.918000e+14 1.950000e+15 1.735000e+15 1.735000e+15
5.25,2.8134479861223175e+36,3.918000e+14 1.950000e+15 1.735000e+15 1.735000e+15
7.0,1.0779261747321963e+37,3.918000e+14 1.950000e+15 1.735000e+15 1.735000e+15
0.0,nan,3.884000e+14 1.950000e+15 1.755000e+15 1.755000e+15
1.75,4.649946323327984e+36,3.884000e+14 1.950000e+15 1.755000e+15 1.755000e+15
3.5,5.907210106571643e+36,3.884000e+14 1.950000e+15 1.755000e+15 1.755000e+15
5.25,3.5776011300804983e+36,3.884000e+14 1.950000e+15 1.755000e+15 1.755000e+15
7.0,1.3661923896936807e+37,3.884000e+14 1.950000e+15 1.755000e+15 1.755000e+15
0.0,nan,3.850000e+14 1.950000e+15 1.775000e+15 1.775000e+15
1.75,5.1739583661504263e+36,3.850000e+14 1.950000e+15 1.775000e+15 1.775000e+15
3.5,7.899950839343655e+36,3.850000e+14 1.950000e+15 1.775000e+15 1.775000e+15
5.25,4.4413887549733574e+36,3.850000e+14 1.950000e+15 1.775000e+15 1.775000e+15
7.0,1.4181151994298902e+37,3.850000e+14 1.950000e+15 1.775000e+15 1.775000e+15
0.0,nan,3.816000e+14 1.950000e+15 1.795000e+15 1.795000e+15
1.75,5.664726553017417e+36,3.816000e+14 1.950000e+15 1.795000e+15 1.795000e+15
3.5,9.783180511038393e+36,3.816000e+14 1.950000e+15 1.795000e+15 1.795000e+15
5.25,5.383131291824644e+36,3.816000e+14 1.950000e+15 1.795000e+15 1.795000e+15
7.0,1.3154039547466615e+37,3.816000e+14 1.950000e+15 1.795000e+15 1.795000e+15
0.0,nan,3.782000e+14 1.950000e+15 1.815000e+15 1.815000e+15
1.75,6.06923560566076e+36,3.782000e+14 1.950000e+15 1.815000e+15 1.815000e+15
3.5,1.1418473354645066e+37,3.782000e+14 1.950000e+15 1.815000e+15 1.815000e+15
5.25,6.370382456579096e+36,3.782000e+14 1.950000e+15 1.815000e+15 1.815000e+15
7.0,1.1959878543607465e+37,3.782000e+14 1.950000e+15 1.815000e+15 1.815000e+15
0.0,nan,3.748000e+14 1.950000e+15 1.840000e+15 1.840000e+15
1.75,6.187866027217413e+36,3.748000e+14 1.950000e+15 1.840000e+15 1.840000e+15
3.5,1.2702340004969106e+37,3.748000e+14 1.950000e+15 1.840000e+15 1.840000e+15
5.25,7.58503173364638e+36,3.748000e+14 1.950000e+15 1.840000e+15 1.840000e+15
7.0,1.1574744195146667e+37,3.748000e+14 1.950000e+15 1.840000e+15 1.840000e+15
0.0,nan,3.714000e+14 1.950000e+15 1.860000e+15 1.860000e+15
1.75,5.773856346304929e+36,3.714000e+14 1.950000e+15 1.860000e+15 1.860000e+15
3.5,1.2713940273908791e+37,3.714000e+14 1.950000e+15 1.860000e+15 1.860000e+15
5.25,8.513247791959129e+36,3.714000e+14 1.950000e+15 1.860000e+15 1.860000e+15
7.0,1.247406374508035e+37,3.714000e+14 1.950000e+15 1.860000e+15 1.860000e+15
0.0,nan,3.680000e+14 1.950000e+15 1.880000e+15 1.880000e+15
1.75,5.0307644704248923e+36,3.680000e+14 1.950000e+15 1.880000e+15 1.880000e+15
3.5,1.178402584168206e+37,3.680000e+14 1.950000e+15 1.880000e+15 1.880000e+15
5.25,9.33400314002123e+36,3.680000e+14 1.950000e+15 1.880000e+15 1.880000e+15
7.0,1.3988787765975637e+37,3.680000e+14 1.950000e+15 1.880000e+15 1.880000e+15
0.0,nan,3.646000e+14 1.950000e+15 1.900000e+15 1.900000e+15
1.75,4.2983423030329056e+36,3.646000e+14 1.950000e+15 1.900000e+15 1.900000e+15
3.5,1.0275441336548376e+37,3.646000e+14 1.950000e+15 1.900000e+15 1.900000e+15
5.25,1.0000766752037974e+37,3.646000e+14 1.950000e+15 1.900000e+15 1.900000e+15
7.0,1.5251245412355757e+37,3.646000e+14 1.950000e+15 1.900000e+15 1.900000e+15
0.0,nan,3.612000e+14 1.950000e+15 1.920000e+15 1.920000e+15
1.75,3.8827759305742906e+36,3.612000e+14 1.950000e+15 1.920000e+15 1.920000e+15
3.5,8.686098262923003e+36,3.612000e+14 1.950000e+15 1.920000e+15 1.920000e+15
5.25,1.0476890849899147e+37,3.612000e+14 1.950000e+15 1.920000e+15 1.920000e+15
7.0,1.5460902537176988e+37,3.612000e+14 1.950000e+15 1.920000e+15 1.920000e+15
0.0,nan,3.578000e+14 1.950000e+15 1.945000e+15 1.945000e+15
1.75,3.9250606188739265e+36,3.578000e+14 1.950000e+15 1.945000e+15 1.945000e+15
3.5,7.043001269149827e+36,3.578000e+14 1.950000e+15 1.945000e+15 1.945000e+15
5.25,1.0770199352025645e+37,3.578000e+14 1.950000e+15 1.945000e+15 1.945000e+15
7.0,1.4104079567082084e+37,3.578000e+14 1.950000e+15 1.945000e+15 1.945000e+15
0.0,nan,3.544000e+14 1.950000e+15 1.965000e+15 1.965000e+15
1.75,4.290497171963487e+36,3.544000e+14 1.950000e+15 1.965000e+15 1.965000e+15
3.5,5.987042066082607e+36,3.544000e+14 1.950000e+15 1.965000e+15 1.965000e+15
5.25,1.0770317705038542e+37,3.544000e+14 1.950000e+15 1.965000e+15 1.965000e+15
7.0,1.26042652475859e+37,3.544000e+14 1.950000e+15 1.965000e+15 1.965000e+15
0.0,nan,3.510000e+14 1.950000e+15 1.985000e+15 1.985000e+15
1.75,4.76318932856865e+36,3.510000e+14 1.950000e+15 1.985000e+15 1.985000e+15
3.5,5.0723305295605504e+36,3.510000e+14 1.950000e+15 1.985000e+15 1.985000e+15
5.25,1.0578667069715133e+37,3.510000e+14 1.950000e+15 1.985000e+15 1.985000e+15
7.0,1.1600013637458261e+37,3.510000e+14 1.950000e+15 1.985000e+15 1.985000e+15
0.0,nan,3.476000e+14 1.950000e+15 2.005000e+15 2.005000e+15
1.75,5.1847838068719507e+36,3.476000e+14 1.950000e+15 2.005000e+15 2.005000e+15
3.5,4.2341346798761697e+36,3.476000e+14 1.950000e+15 2.005000e+15 2.005000e+15
5.25,1.023562610441487e+37,3.476000e+14 1.950000e+15 2.005000e+15 2.005000e+15
7.0,1.140128308838485e+37,3.476000e+14 1.950000e+15 2.005000e+15 2.005000e+15
0.0,nan,3.442000e+14 1.950000e+15 2.025000e+15 2.025000e+15
1.75,5.441353576129491e+36,3.442000e+14 1.950000e+15 2.025000e+15 2.025000e+15
3.5,3.4587851081972025e+36,3.442000e+14 1.950000e+15 2.025000e+15 2.025000e+15
5.25,9.796409547928706e+36,3.442000e+14 1.950000e+15 2.025000e+15 2.025000e+15
7.0,1.1829879082095202e+37,3.442000e+14 1.950000e+15 2.025000e+15 2.025000e+15
0.0,nan,3.408000e+14 1.950000e+15 2.050000e+15 2.050000e+15
1.75,5.418296800342428e+36,3.408000e+14 1.950000e+15 2.050000e+15 2.050000e+15
3.5,2.6105069399217773e+36,3.408000e+14 1.950000e+15 2.050000e+15 2.050000e+15
5.25,9.21691356090546e+36,3.408000e+14 1.950000e+15 2.050000e+15 2.050000e+15
7.0,1.2703792468600116e+37,3.408000e+14 1.950000e+15 2.050000e+15 2.050000e+15
0.0,nan,3.374000e+14 1.950000e+15 2.070000e+15 2.070000e+15
1.75,5.116496562931431e+36,3.374000e+14 1.950000e+15 2.070000e+15 2.070000e+15
3.5,2.0194903962988421e+36,3.374000e+14 1.950000e+15 2.070000e+15 2.070000e+15
5.25,8.794880832338714e+36,3.374000e+14 1.950000e+15 2.070000e+15 2.070000e+15
7.0,1.3376141813380164e+37,3.374000e+14 1.950000e+15 2.070000e+15 2.070000e+15
0.0,nan,3.340000e+14 1.950000e+15 2.090000e+15 2.090000e+15
1.75,4.5970575096651367e+36,3.340000e+14 1.950000e+15 2.090000e+15 2.090000e+15
3.5,1.5262999984826578e+36,3.340000e+14 1.950000e+15 2.090000e+15 2.090000e+15
5.25,8.476777387655192e+36,3.340000e+14 1.950000e+15 2.090000e+15 2.090000e+15
7.0,1.384751749156122e+37,3.340000e+14 1.950000e+15 2.090000e+15 2.090000e+15
0.0,nan,3.306000e+14 1.950000e+15 2.110000e+15 2.110000e+15
1.75,4.021574202922697e+36,3.306000e+14 1.950000e+15 2.110000e+15 2.110000e+15
3.5,1.1307257350376879e+36,3.306000e+14 1.950000e+15 2.110000e+15 2.110000e+15
5.25,8.303063449082816e+36,3.306000e+14 1.950000e+15 2.110000e+15 2.110000e+15
7.0,1.4047563558716308e+37,3.306000e+14 1.950000e+15 2.110000e+15 2.110000e+15
0.0,nan,3.272000e+14 1.950000e+15 2.130000e+15 2.130000e+15
1.75,3.6099587404804683e+36,3.272000e+14 1.950000e+15 2.130000e+15 2.130000e+15
3.5,8.275726970865024e+35,3.272000e+14 1.950000e+15 2.130000e+15 2.130000e+15
5.25,8.292947196028311e+36,3.272000e+14 1.950000e+15 2.130000e+15 2.130000e+15
7.0,1.3948328064445108e+37,3.272000e+14 1.950000e+15 2.130000e+15 2.130000e+15
0.0,nan,3.238000e+14 1.950000e+15 2.155000e+15 2.155000e+15
1.75,3.4809205461649094e+36,3.238000e+14 1.950000e+15 2.155000e+15 2.155000e+15
3.5,5.7045257216475625e+35,3.238000e+14 1.950000e+15 2.155000e+15 2.155000e+15
5.25,8.491793781969417e+36,3.238000e+14 1.950000e+15 2.155000e+15 2.155000e+15
7.0,1.3419219416735196e+37,3.238000e+14 1.950000e+15 2.155000e+15 2.155000e+15
0.0,nan,3.204000e+14 1.950000e+15 2.175000e+15 2.175000e+15
1.75,3.622698542832732e+36,3.204000e+14 1.950000e+15 2.175000e+15 2.175000e+15
3.5,4.445312357445995e+35,3.204000e+14 1.950000e+15 2.175000e+15 2.175000e+15
5.25,8.795970249147207e+36,3.204000e+14 1.950000e+15 2.175000e+15 2.175000e+15
7.0,1.2690769957667173e+37,3.204000e+14 1.950000e+15 2.175000e+15 2.175000e+15
0.0,nan,3.170000e+14 1.950000e+15 2.195000e+15 2.195000e+15
1.75,3.894611809847122e+36,3.170000e+14 1.950000e+15 2.195000e+15 2.195000e+15
3.5,3.866961074276424e+35,3.170000e+14 1.950000e+15 2.195000e+15 2.195000e+15
5.25,9.174414289288674e+36,3.170000e+14 1.950000e+15 2.195000e+15 2.195000e+15
7.0,1.1744855204959714e+37,3.170000e+14 1.950000e+15 2.195000e+15 2.195000e+15
0.0,nan,3.136000e+14 1.950000e+15 2.215000e+15 2.215000e+15
1.75,4.2890212319096136e+36,3.136000e+14 1.950000e+15 2.215000e+15 2.215000e+15
3.5,3.9303723051852986e+35,3.136000e+14 1.950000e+15 2.215000e+15 2.215000e+15
5.25,9.572473189150176e+36,3.136000e+14 1.950000e+15 2.215000e+15 2.215000e+15
7.0,1.0641950188376005e+37,3.136000e+14 1.950000e+15 2.215000e+15 2.215000e+15
0.0,nan,3.102000e+14 1.950000e+15 2.235000e+15 2.235000e+15
1.75,4.80411736248847e+36,3.102000e+14 1.950000e+15 2.235000e+15 2.235000e+15
3.5,4.6233067052924555e+35,3.102000e+14 1.950000e+15 2.235000e+15 2.235000e+15
5.25,9.939760873578498e+36,3.102000e+14 1.950000e+15 2.235000e+15 2.235000e+15
7.0,9.449730172326433e+36,3.102000e+14 1.950000e+15 2.235000e+15 2.235000e+15
0.0,nan,3.068000e+14 1.950000e+15 2.260000e+15 2.260000e+15
1.75,5.465478546051006e+36,3.068000e+14 1.950000e+15 2.260000e+15 2.260000e+15
3.5,6.345815465901779e+35,3.068000e+14 1.950000e+15 2.260000e+15 2.260000e+15
5.25,1.0291177794843142e+37,3.068000e+14 1.950000e+15 2.260000e+15 2.260000e+15
7.0,7.961963786017872e+36,3.068000e+14 1.950000e+15 2.260000e+15 2.260000e+15
0.0,nan,3.034000e+14 1.950000e+15 2.280000e+15 2.280000e+15
1.75,5.816386037196571e+36,3.034000e+14 1.950000e+15 2.280000e+15 2.280000e+15
3.5,8.443958502612483e+35,3.034000e+14 1.950000e+15 2.280000e+15 2.280000e+15
5.25,1.0487189443343209e+37,3.034000e+14 1.950000e+15 2.280000e+15 2.280000e+15
7.0,6.81479186972168e+36,3.034000e+14 1.950000e+15 2.280000e+15 2.280000e+15
0.0,nan,3.000000e+14 1.950000e+15 2.300000e+15 2.300000e+15
1.75,5.92715193311394e+36,3.000000e+14 1.950000e+15 2.300000e+15 2.300000e+15
3.5,1.1103804613303998e+36,3.000000e+14 1.950000e+15 2.300000e+15 2.300000e+15
5.25,1.0602672253441545e+37,3.000000e+14 1.950000e+15 2.300000e+15 2.300000e+15
7.0,5.784921128542668e+36,3.000000e+14 1.950000e+15 2.300000e+15 2.300000e+15
